replicate,level_type,level_value,dimension,birth,death,length
1,scarcity,0.2,0,0.0,1.0,1.0
1,scarcity,0.3,0,0.0,1.0,1.0
1,scarcity,0.3,0,0.0,1.0,1.0
1,scarcity,0.4,0,0.0,1.0,1.0
1,scarcity,0.4,0,0.0,1.0,1.0
1,scarcity,0.4,0,0.0,1.0,1.0
1,scarcity,0.4,0,0.0,1.0,1.0
1,scarcity,0.4,0,0.0,1.0,1.0
1,scarcity,0.5,0,0.0,1.0,1.0
1,scarcity,0.5,0,0.0,1.0,1.0
1,scarcity,0.5,0,0.0,1.0,1.0
1,scarcity,0.6,0,0.0,1.0,1.0
1,scarcity,0.6,0,0.0,1.0,1.0
1,scarcity,0.6,0,0.0,1.0,1.0
1,scarcity,0.6,0,0.0,1.0,1.0
1,scarcity,0.6,0,0.0,1.0,1.0
1,scarcity,0.6,0,0.0,1.0,1.0
1,scarcity,0.6,0,0.0,2.0,2.0
1,scarcity,0.7,0,0.0,1.0,1.0
1,scarcity,0.7,0,0.0,1.0,1.0
1,scarcity,0.7,0,0.0,1.0,1.0
1,scarcity,0.7,0,0.0,1.0,1.0
1,scarcity,0.7,0,0.0,1.0,1.0
1,scarcity,0.7,0,0.0,1.0,1.0
1,scarcity,0.7,0,0.0,2.0,2.0
1,scarcity,0.7,0,0.0,2.0,2.0
1,scarcity,0.8,0,0.0,1.0,1.0
1,scarcity,0.8,0,0.0,1.0,1.0
1,scarcity,0.8,0,0.0,1.0,1.0
1,scarcity,0.8,0,0.0,1.0,1.0
1,scarcity,0.8,0,0.0,1.0,1.0
1,scarcity,0.8,0,0.0,1.0,1.0
1,scarcity,0.8,0,0.0,1.0,1.0
1,scarcity,0.8,0,0.0,1.0,1.0
1,scarcity,0.8,0,0.0,1.0,1.0
1,scarcity,0.8,0,0.0,1.0,1.0
1,scarcity,0.8,0,0.0,1.0,1.0
1,scarcity,0.8,0,0.0,1.0,1.0
1,scarcity,0.8,0,0.0,2.0,2.0
1,scarcity,0.8,1,1.0,2.0,1.0
1,scarcity,0.9,0,0.0,1.0,1.0
1,scarcity,0.9,0,0.0,1.0,1.0
1,scarcity,0.9,0,0.0,1.0,1.0
1,scarcity,0.9,0,0.0,1.0,1.0
1,scarcity,0.9,0,0.0,1.0,1.0
1,scarcity,0.9,0,0.0,1.0,1.0
1,scarcity,0.9,0,0.0,1.0,1.0
1,scarcity,0.9,0,0.0,1.0,1.0
1,scarcity,0.9,0,0.0,1.0,1.0
1,scarcity,0.9,0,0.0,1.0,1.0
1,scarcity,0.9,0,0.0,1.0,1.0
1,scarcity,0.9,0,0.0,1.0,1.0
1,scarcity,0.9,0,0.0,1.0,1.0
1,scarcity,0.9,0,0.0,2.0,2.0
1,scarcity,1.0,0,0.0,1.0,1.0
1,scarcity,1.0,0,0.0,1.0,1.0
1,scarcity,1.0,0,0.0,1.0,1.0
1,scarcity,1.0,0,0.0,1.0,1.0
1,scarcity,1.0,0,0.0,1.0,1.0
1,scarcity,1.0,0,0.0,1.0,1.0
1,scarcity,1.0,0,0.0,1.0,1.0
1,scarcity,1.0,0,0.0,1.0,1.0
1,scarcity,1.0,0,0.0,1.0,1.0
1,scarcity,1.0,0,0.0,1.0,1.0
1,scarcity,1.0,0,0.0,1.0,1.0
1,scarcity,1.0,0,0.0,1.0,1.0
1,scarcity,1.0,0,0.0,1.0,1.0
1,scarcity,1.0,0,0.0,1.0,1.0
1,scarcity,1.0,0,0.0,1.0,1.0
1,scarcity,1.0,0,0.0,2.0,2.0
1,scarcity,1.0,0,0.0,2.0,2.0
1,scarcity,1.0,1,1.0,2.0,1.0
2,scarcity,0.2,0,0.0,1.0,1.0
2,scarcity,0.2,0,0.0,1.0,1.0
2,scarcity,0.4,0,0.0,1.0,1.0
2,scarcity,0.4,0,0.0,1.0,1.0
2,scarcity,0.4,0,0.0,1.0,1.0
2,scarcity,0.4,0,0.0,1.0,1.0
2,scarcity,0.4,0,0.0,1.0,1.0
2,scarcity,0.4,0,0.0,1.0,1.0
2,scarcity,0.4,0,0.0,1.0,1.0
2,scarcity,0.4,0,0.0,1.0,1.0
2,scarcity,0.4,0,0.0,1.0,1.0
2,scarcity,0.5,0,0.0,1.0,1.0
2,scarcity,0.5,0,0.0,1.0,1.0
2,scarcity,0.5,0,0.0,1.0,1.0
2,scarcity,0.5,0,0.0,1.0,1.0
2,scarcity,0.5,0,0.0,2.0,2.0
2,scarcity,0.5,0,0.0,2.0,2.0
2,scarcity,0.6,0,0.0,1.0,1.0
2,scarcity,0.6,0,0.0,1.0,1.0
2,scarcity,0.6,0,0.0,1.0,1.0
2,scarcity,0.6,0,0.0,1.0,1.0
2,scarcity,0.6,0,0.0,1.0,1.0
2,scarcity,0.6,0,0.0,1.0,1.0
2,scarcity,0.6,0,0.0,2.0,2.0
2,scarcity,0.7,0,0.0,1.0,1.0
2,scarcity,0.7,0,0.0,1.0,1.0
2,scarcity,0.7,0,0.0,1.0,1.0
2,scarcity,0.7,0,0.0,1.0,1.0
2,scarcity,0.7,0,0.0,1.0,1.0
2,scarcity,0.7,0,0.0,1.0,1.0
2,scarcity,0.7,0,0.0,1.0,1.0
2,scarcity,0.7,0,0.0,2.0,2.0
2,scarcity,0.8,0,0.0,1.0,1.0
2,scarcity,0.8,0,0.0,1.0,1.0
2,scarcity,0.8,0,0.0,1.0,1.0
2,scarcity,0.8,0,0.0,1.0,1.0
2,scarcity,0.8,0,0.0,1.0,1.0
2,scarcity,0.8,0,0.0,1.0,1.0
2,scarcity,0.8,0,0.0,1.0,1.0
2,scarcity,0.8,0,0.0,1.0,1.0
2,scarcity,0.8,0,0.0,1.0,1.0
2,scarcity,0.8,0,0.0,1.0,1.0
2,scarcity,0.8,0,0.0,2.0,2.0
2,scarcity,0.9,0,0.0,1.0,1.0
2,scarcity,0.9,0,0.0,1.0,1.0
2,scarcity,0.9,0,0.0,1.0,1.0
2,scarcity,0.9,0,0.0,1.0,1.0
2,scarcity,0.9,0,0.0,1.0,1.0
2,scarcity,0.9,0,0.0,1.0,1.0
2,scarcity,0.9,0,0.0,1.0,1.0
2,scarcity,0.9,0,0.0,1.0,1.0
2,scarcity,0.9,0,0.0,1.0,1.0
2,scarcity,0.9,0,0.0,1.0,1.0
2,scarcity,0.9,0,0.0,1.0,1.0
2,scarcity,0.9,0,0.0,1.0,1.0
2,scarcity,0.9,0,0.0,1.0,1.0
2,scarcity,0.9,0,0.0,2.0,2.0
2,scarcity,1.0,0,0.0,1.0,1.0
2,scarcity,1.0,0,0.0,1.0,1.0
2,scarcity,1.0,0,0.0,1.0,1.0
2,scarcity,1.0,0,0.0,1.0,1.0
2,scarcity,1.0,0,0.0,1.0,1.0
2,scarcity,1.0,0,0.0,1.0,1.0
2,scarcity,1.0,0,0.0,1.0,1.0
2,scarcity,1.0,0,0.0,1.0,1.0
2,scarcity,1.0,0,0.0,1.0,1.0
2,scarcity,1.0,0,0.0,1.0,1.0
2,scarcity,1.0,0,0.0,1.0,1.0
2,scarcity,1.0,0,0.0,1.0,1.0
2,scarcity,1.0,0,0.0,1.0,1.0
2,scarcity,1.0,0,0.0,1.0,1.0
2,scarcity,1.0,0,0.0,1.0,1.0
2,scarcity,1.0,0,0.0,1.0,1.0
2,scarcity,1.0,0,0.0,1.0,1.0
2,scarcity,1.0,0,0.0,2.0,2.0
3,scarcity,0.2,0,0.0,1.0,1.0
3,scarcity,0.3,0,0.0,1.0,1.0
3,scarcity,0.3,0,0.0,1.0,1.0
3,scarcity,0.4,0,0.0,1.0,1.0
3,scarcity,0.4,0,0.0,1.0,1.0
3,scarcity,0.4,0,0.0,2.0,2.0
3,scarcity,0.5,0,0.0,1.0,1.0
3,scarcity,0.5,0,0.0,1.0,1.0
3,scarcity,0.5,0,0.0,1.0,1.0
3,scarcity,0.5,0,0.0,1.0,1.0
3,scarcity,0.5,1,1.0,2.0,1.0
3,scarcity,0.6,0,0.0,1.0,1.0
3,scarcity,0.6,0,0.0,1.0,1.0
3,scarcity,0.6,0,0.0,1.0,1.0
3,scarcity,0.6,0,0.0,1.0,1.0
3,scarcity,0.6,0,0.0,1.0,1.0
3,scarcity,0.6,0,0.0,1.0,1.0
3,scarcity,0.7,0,0.0,1.0,1.0
3,scarcity,0.7,0,0.0,1.0,1.0
3,scarcity,0.7,0,0.0,1.0,1.0
3,scarcity,0.7,0,0.0,1.0,1.0
3,scarcity,0.7,0,0.0,1.0,1.0
3,scarcity,0.7,0,0.0,1.0,1.0
3,scarcity,0.7,0,0.0,1.0,1.0
3,scarcity,0.7,0,0.0,1.0,1.0
3,scarcity,0.8,0,0.0,1.0,1.0
3,scarcity,0.8,0,0.0,1.0,1.0
3,scarcity,0.8,0,0.0,1.0,1.0
3,scarcity,0.8,0,0.0,1.0,1.0
3,scarcity,0.8,0,0.0,1.0,1.0
3,scarcity,0.8,0,0.0,1.0,1.0
3,scarcity,0.8,0,0.0,1.0,1.0
3,scarcity,0.8,0,0.0,1.0,1.0
3,scarcity,0.8,0,0.0,1.0,1.0
3,scarcity,0.8,0,0.0,2.0,2.0
3,scarcity,0.9,0,0.0,1.0,1.0
3,scarcity,0.9,0,0.0,1.0,1.0
3,scarcity,0.9,0,0.0,1.0,1.0
3,scarcity,0.9,0,0.0,1.0,1.0
3,scarcity,0.9,0,0.0,1.0,1.0
3,scarcity,0.9,0,0.0,1.0,1.0
3,scarcity,0.9,0,0.0,1.0,1.0
3,scarcity,0.9,0,0.0,1.0,1.0
3,scarcity,0.9,0,0.0,1.0,1.0
3,scarcity,0.9,0,0.0,1.0,1.0
3,scarcity,0.9,0,0.0,1.0,1.0
3,scarcity,0.9,0,0.0,1.0,1.0
3,scarcity,0.9,0,0.0,1.0,1.0
3,scarcity,0.9,0,0.0,1.0,1.0
3,scarcity,0.9,0,0.0,1.0,1.0
3,scarcity,0.9,0,0.0,1.0,1.0
3,scarcity,0.9,0,0.0,2.0,2.0
3,scarcity,0.9,1,1.0,2.0,1.0
3,scarcity,1.0,0,0.0,1.0,1.0
3,scarcity,1.0,0,0.0,1.0,1.0
3,scarcity,1.0,0,0.0,1.0,1.0
3,scarcity,1.0,0,0.0,1.0,1.0
3,scarcity,1.0,0,0.0,1.0,1.0
3,scarcity,1.0,0,0.0,1.0,1.0
3,scarcity,1.0,0,0.0,1.0,1.0
3,scarcity,1.0,0,0.0,1.0,1.0
3,scarcity,1.0,0,0.0,1.0,1.0
3,scarcity,1.0,0,0.0,1.0,1.0
3,scarcity,1.0,0,0.0,1.0,1.0
3,scarcity,1.0,0,0.0,1.0,1.0
3,scarcity,1.0,0,0.0,1.0,1.0
3,scarcity,1.0,0,0.0,1.0,1.0
3,scarcity,1.0,0,0.0,1.0,1.0
3,scarcity,1.0,0,0.0,1.0,1.0
3,scarcity,1.0,0,0.0,2.0,2.0
3,scarcity,1.0,1,1.0,2.0,1.0
4,scarcity,0.3,0,0.0,1.0,1.0
4,scarcity,0.4,0,0.0,1.0,1.0
4,scarcity,0.4,0,0.0,1.0,1.0
4,scarcity,0.4,0,0.0,1.0,1.0
4,scarcity,0.4,0,0.0,1.0,1.0
4,scarcity,0.5,0,0.0,1.0,1.0
4,scarcity,0.5,0,0.0,1.0,1.0
4,scarcity,0.5,0,0.0,1.0,1.0
4,scarcity,0.5,0,0.0,1.0,1.0
4,scarcity,0.5,0,0.0,1.0,1.0
4,scarcity,0.5,0,0.0,1.0,1.0
4,scarcity,0.5,0,0.0,1.0,1.0
4,scarcity,0.5,0,0.0,1.0,1.0
4,scarcity,0.5,0,0.0,1.0,1.0
4,scarcity,0.6,0,0.0,1.0,1.0
4,scarcity,0.6,0,0.0,1.0,1.0
4,scarcity,0.6,0,0.0,1.0,1.0
4,scarcity,0.6,0,0.0,1.0,1.0
4,scarcity,0.6,0,0.0,1.0,1.0
4,scarcity,0.6,0,0.0,1.0,1.0
4,scarcity,0.6,0,0.0,1.0,1.0
4,scarcity,0.6,0,0.0,1.0,1.0
4,scarcity,0.6,0,0.0,1.0,1.0
4,scarcity,0.6,0,0.0,2.0,2.0
4,scarcity,0.6,0,0.0,2.0,2.0
4,scarcity,0.7,0,0.0,1.0,1.0
4,scarcity,0.7,0,0.0,1.0,1.0
4,scarcity,0.7,0,0.0,1.0,1.0
4,scarcity,0.7,0,0.0,1.0,1.0
4,scarcity,0.7,0,0.0,1.0,1.0
4,scarcity,0.7,0,0.0,1.0,1.0
4,scarcity,0.7,0,0.0,1.0,1.0
4,scarcity,0.7,0,0.0,1.0,1.0
4,scarcity,0.7,0,0.0,2.0,2.0
4,scarcity,0.8,0,0.0,1.0,1.0
4,scarcity,0.8,0,0.0,1.0,1.0
4,scarcity,0.8,0,0.0,1.0,1.0
4,scarcity,0.8,0,0.0,1.0,1.0
4,scarcity,0.8,0,0.0,1.0,1.0
4,scarcity,0.8,0,0.0,1.0,1.0
4,scarcity,0.8,0,0.0,1.0,1.0
4,scarcity,0.8,0,0.0,1.0,1.0
4,scarcity,0.8,0,0.0,1.0,1.0
4,scarcity,0.8,0,0.0,1.0,1.0
4,scarcity,0.8,0,0.0,1.0,1.0
4,scarcity,0.8,0,0.0,1.0,1.0
4,scarcity,0.8,0,0.0,1.0,1.0
4,scarcity,0.8,0,0.0,2.0,2.0
4,scarcity,0.8,0,0.0,2.0,2.0
4,scarcity,0.8,0,0.0,2.0,2.0
4,scarcity,0.8,1,1.0,2.0,1.0
4,scarcity,0.9,0,0.0,1.0,1.0
4,scarcity,0.9,0,0.0,1.0,1.0
4,scarcity,0.9,0,0.0,1.0,1.0
4,scarcity,0.9,0,0.0,1.0,1.0
4,scarcity,0.9,0,0.0,1.0,1.0
4,scarcity,0.9,0,0.0,1.0,1.0
4,scarcity,0.9,0,0.0,1.0,1.0
4,scarcity,0.9,0,0.0,1.0,1.0
4,scarcity,0.9,0,0.0,1.0,1.0
4,scarcity,0.9,0,0.0,1.0,1.0
4,scarcity,0.9,0,0.0,1.0,1.0
4,scarcity,0.9,0,0.0,1.0,1.0
4,scarcity,0.9,0,0.0,1.0,1.0
4,scarcity,0.9,0,0.0,1.0,1.0
4,scarcity,0.9,0,0.0,1.0,1.0
4,scarcity,0.9,0,0.0,2.0,2.0
4,scarcity,0.9,0,0.0,2.0,2.0
4,scarcity,0.9,1,1.0,2.0,1.0
4,scarcity,1.0,0,0.0,1.0,1.0
4,scarcity,1.0,0,0.0,1.0,1.0
4,scarcity,1.0,0,0.0,1.0,1.0
4,scarcity,1.0,0,0.0,1.0,1.0
4,scarcity,1.0,0,0.0,1.0,1.0
4,scarcity,1.0,0,0.0,1.0,1.0
4,scarcity,1.0,0,0.0,1.0,1.0
4,scarcity,1.0,0,0.0,1.0,1.0
4,scarcity,1.0,0,0.0,1.0,1.0
4,scarcity,1.0,0,0.0,1.0,1.0
4,scarcity,1.0,0,0.0,1.0,1.0
4,scarcity,1.0,0,0.0,1.0,1.0
4,scarcity,1.0,0,0.0,1.0,1.0
4,scarcity,1.0,0,0.0,1.0,1.0
4,scarcity,1.0,0,0.0,1.0,1.0
4,scarcity,1.0,0,0.0,1.0,1.0
4,scarcity,1.0,0,0.0,1.0,1.0
4,scarcity,1.0,0,0.0,2.0,2.0
4,scarcity,1.0,0,0.0,2.0,2.0
4,scarcity,1.0,0,0.0,2.0,2.0
4,scarcity,1.0,1,1.0,2.0,1.0
5,scarcity,0.3,0,0.0,1.0,1.0
5,scarcity,0.3,0,0.0,2.0,2.0
5,scarcity,0.4,0,0.0,1.0,1.0
5,scarcity,0.4,0,0.0,1.0,1.0
5,scarcity,0.4,0,0.0,1.0,1.0
5,scarcity,0.4,0,0.0,1.0,1.0
5,scarcity,0.4,0,0.0,2.0,2.0
5,scarcity,0.5,0,0.0,1.0,1.0
5,scarcity,0.5,0,0.0,1.0,1.0
5,scarcity,0.6,0,0.0,1.0,1.0
5,scarcity,0.6,0,0.0,1.0,1.0
5,scarcity,0.6,0,0.0,1.0,1.0
5,scarcity,0.6,0,0.0,1.0,1.0
5,scarcity,0.6,0,0.0,2.0,2.0
5,scarcity,0.7,0,0.0,1.0,1.0
5,scarcity,0.7,0,0.0,1.0,1.0
5,scarcity,0.7,0,0.0,2.0,2.0
5,scarcity,0.8,0,0.0,1.0,1.0
5,scarcity,0.8,0,0.0,1.0,1.0
5,scarcity,0.8,0,0.0,1.0,1.0
5,scarcity,0.8,0,0.0,1.0,1.0
5,scarcity,0.8,0,0.0,1.0,1.0
5,scarcity,0.8,0,0.0,2.0,2.0
5,scarcity,0.8,0,0.0,2.0,2.0
5,scarcity,0.9,0,0.0,1.0,1.0
5,scarcity,0.9,0,0.0,1.0,1.0
5,scarcity,0.9,0,0.0,1.0,1.0
5,scarcity,0.9,0,0.0,1.0,1.0
5,scarcity,0.9,0,0.0,1.0,1.0
5,scarcity,0.9,0,0.0,1.0,1.0
5,scarcity,0.9,0,0.0,1.0,1.0
5,scarcity,0.9,0,0.0,2.0,2.0
5,scarcity,0.9,0,0.0,2.0,2.0
5,scarcity,0.9,0,0.0,2.0,2.0
5,scarcity,1.0,0,0.0,1.0,1.0
5,scarcity,1.0,0,0.0,1.0,1.0
5,scarcity,1.0,0,0.0,1.0,1.0
5,scarcity,1.0,0,0.0,1.0,1.0
5,scarcity,1.0,0,0.0,1.0,1.0
5,scarcity,1.0,0,0.0,1.0,1.0
5,scarcity,1.0,0,0.0,1.0,1.0
5,scarcity,1.0,0,0.0,1.0,1.0
5,scarcity,1.0,0,0.0,2.0,2.0
5,scarcity,1.0,0,0.0,2.0,2.0
5,scarcity,1.0,0,0.0,2.0,2.0
5,scarcity,1.0,0,0.0,2.0,2.0
6,scarcity,0.1,0,0.0,1.0,1.0
6,scarcity,0.2,0,0.0,1.0,1.0
6,scarcity,0.3,0,0.0,1.0,1.0
6,scarcity,0.3,0,0.0,1.0,1.0
6,scarcity,0.3,0,0.0,1.0,1.0
6,scarcity,0.3,0,0.0,1.0,1.0
6,scarcity,0.3,0,0.0,1.0,1.0
6,scarcity,0.4,0,0.0,1.0,1.0
6,scarcity,0.4,0,0.0,1.0,1.0
6,scarcity,0.4,0,0.0,1.0,1.0
6,scarcity,0.4,0,0.0,1.0,1.0
6,scarcity,0.5,0,0.0,1.0,1.0
6,scarcity,0.5,0,0.0,1.0,1.0
6,scarcity,0.5,0,0.0,1.0,1.0
6,scarcity,0.5,0,0.0,1.0,1.0
6,scarcity,0.5,0,0.0,1.0,1.0
6,scarcity,0.5,0,0.0,1.0,1.0
6,scarcity,0.5,0,0.0,1.0,1.0
6,scarcity,0.5,0,0.0,1.0,1.0
6,scarcity,0.6,0,0.0,1.0,1.0
6,scarcity,0.6,0,0.0,1.0,1.0
6,scarcity,0.6,0,0.0,1.0,1.0
6,scarcity,0.6,0,0.0,1.0,1.0
6,scarcity,0.6,0,0.0,1.0,1.0
6,scarcity,0.6,0,0.0,1.0,1.0
6,scarcity,0.6,0,0.0,1.0,1.0
6,scarcity,0.6,0,0.0,1.0,1.0
6,scarcity,0.6,0,0.0,1.0,1.0
6,scarcity,0.6,0,0.0,1.0,1.0
6,scarcity,0.6,0,0.0,1.0,1.0
6,scarcity,0.6,0,0.0,2.0,2.0
6,scarcity,0.7,0,0.0,1.0,1.0
6,scarcity,0.7,0,0.0,1.0,1.0
6,scarcity,0.7,0,0.0,1.0,1.0
6,scarcity,0.7,0,0.0,1.0,1.0
6,scarcity,0.7,0,0.0,1.0,1.0
6,scarcity,0.7,0,0.0,1.0,1.0
6,scarcity,0.7,0,0.0,1.0,1.0
6,scarcity,0.7,0,0.0,1.0,1.0
6,scarcity,0.7,0,0.0,1.0,1.0
6,scarcity,0.7,0,0.0,1.0,1.0
6,scarcity,0.7,0,0.0,1.0,1.0
6,scarcity,0.7,0,0.0,1.0,1.0
6,scarcity,0.8,0,0.0,1.0,1.0
6,scarcity,0.8,0,0.0,1.0,1.0
6,scarcity,0.8,0,0.0,1.0,1.0
6,scarcity,0.8,0,0.0,1.0,1.0
6,scarcity,0.8,0,0.0,1.0,1.0
6,scarcity,0.8,0,0.0,1.0,1.0
6,scarcity,0.8,0,0.0,1.0,1.0
6,scarcity,0.8,0,0.0,1.0,1.0
6,scarcity,0.8,0,0.0,1.0,1.0
6,scarcity,0.8,0,0.0,1.0,1.0
6,scarcity,0.8,0,0.0,1.0,1.0
6,scarcity,0.8,0,0.0,1.0,1.0
6,scarcity,0.8,0,0.0,1.0,1.0
6,scarcity,0.8,0,0.0,1.0,1.0
6,scarcity,0.8,0,0.0,1.0,1.0
6,scarcity,0.8,0,0.0,1.0,1.0
6,scarcity,0.8,0,0.0,2.0,2.0
6,scarcity,0.9,0,0.0,1.0,1.0
6,scarcity,0.9,0,0.0,1.0,1.0
6,scarcity,0.9,0,0.0,1.0,1.0
6,scarcity,0.9,0,0.0,1.0,1.0
6,scarcity,0.9,0,0.0,1.0,1.0
6,scarcity,0.9,0,0.0,1.0,1.0
6,scarcity,0.9,0,0.0,1.0,1.0
6,scarcity,0.9,0,0.0,1.0,1.0
6,scarcity,0.9,0,0.0,1.0,1.0
6,scarcity,0.9,0,0.0,1.0,1.0
6,scarcity,0.9,0,0.0,1.0,1.0
6,scarcity,0.9,0,0.0,1.0,1.0
6,scarcity,0.9,0,0.0,1.0,1.0
6,scarcity,0.9,0,0.0,1.0,1.0
6,scarcity,0.9,0,0.0,1.0,1.0
6,scarcity,0.9,0,0.0,1.0,1.0
6,scarcity,0.9,0,0.0,1.0,1.0
6,scarcity,0.9,0,0.0,1.0,1.0
6,scarcity,0.9,0,0.0,1.0,1.0
6,scarcity,0.9,0,0.0,1.0,1.0
6,scarcity,0.9,0,0.0,2.0,2.0
6,scarcity,0.9,1,1.0,2.0,1.0
6,scarcity,1.0,0,0.0,1.0,1.0
6,scarcity,1.0,0,0.0,1.0,1.0
6,scarcity,1.0,0,0.0,1.0,1.0
6,scarcity,1.0,0,0.0,1.0,1.0
6,scarcity,1.0,0,0.0,1.0,1.0
6,scarcity,1.0,0,0.0,1.0,1.0
6,scarcity,1.0,0,0.0,1.0,1.0
6,scarcity,1.0,0,0.0,1.0,1.0
6,scarcity,1.0,0,0.0,1.0,1.0
6,scarcity,1.0,0,0.0,1.0,1.0
6,scarcity,1.0,0,0.0,1.0,1.0
6,scarcity,1.0,0,0.0,1.0,1.0
6,scarcity,1.0,0,0.0,1.0,1.0
6,scarcity,1.0,0,0.0,1.0,1.0
6,scarcity,1.0,0,0.0,1.0,1.0
6,scarcity,1.0,0,0.0,1.0,1.0
6,scarcity,1.0,0,0.0,1.0,1.0
6,scarcity,1.0,0,0.0,1.0,1.0
6,scarcity,1.0,0,0.0,1.0,1.0
6,scarcity,1.0,0,0.0,1.0,1.0
6,scarcity,1.0,0,0.0,1.0,1.0
6,scarcity,1.0,0,0.0,1.0,1.0
6,scarcity,1.0,0,0.0,1.0,1.0
6,scarcity,1.0,0,0.0,1.0,1.0
6,scarcity,1.0,0,0.0,1.0,1.0
6,scarcity,1.0,0,0.0,1.0,1.0
6,scarcity,1.0,0,0.0,2.0,2.0
6,scarcity,1.0,1,1.0,2.0,1.0
7,scarcity,0.2,0,0.0,1.0,1.0
7,scarcity,0.4,0,0.0,1.0,1.0
7,scarcity,0.4,0,0.0,1.0,1.0
7,scarcity,0.5,0,0.0,1.0,1.0
7,scarcity,0.5,0,0.0,1.0,1.0
7,scarcity,0.5,0,0.0,1.0,1.0
7,scarcity,0.5,0,0.0,1.0,1.0
7,scarcity,0.5,0,0.0,1.0,1.0
7,scarcity,0.5,0,0.0,1.0,1.0
7,scarcity,0.6,0,0.0,1.0,1.0
7,scarcity,0.6,0,0.0,1.0,1.0
7,scarcity,0.6,0,0.0,1.0,1.0
7,scarcity,0.6,0,0.0,1.0,1.0
7,scarcity,0.6,0,0.0,1.0,1.0
7,scarcity,0.6,0,0.0,1.0,1.0
7,scarcity,0.7,0,0.0,1.0,1.0
7,scarcity,0.7,0,0.0,1.0,1.0
7,scarcity,0.7,0,0.0,1.0,1.0
7,scarcity,0.7,0,0.0,1.0,1.0
7,scarcity,0.7,0,0.0,1.0,1.0
7,scarcity,0.8,0,0.0,1.0,1.0
7,scarcity,0.8,0,0.0,1.0,1.0
7,scarcity,0.8,0,0.0,1.0,1.0
7,scarcity,0.8,0,0.0,1.0,1.0
7,scarcity,0.8,0,0.0,1.0,1.0
7,scarcity,0.8,0,0.0,1.0,1.0
7,scarcity,0.8,0,0.0,1.0,1.0
7,scarcity,0.8,0,0.0,1.0,1.0
7,scarcity,0.8,0,0.0,1.0,1.0
7,scarcity,0.9,0,0.0,1.0,1.0
7,scarcity,0.9,0,0.0,1.0,1.0
7,scarcity,0.9,0,0.0,1.0,1.0
7,scarcity,0.9,0,0.0,1.0,1.0
7,scarcity,0.9,0,0.0,1.0,1.0
7,scarcity,0.9,0,0.0,1.0,1.0
7,scarcity,0.9,0,0.0,1.0,1.0
7,scarcity,0.9,0,0.0,1.0,1.0
7,scarcity,0.9,0,0.0,2.0,2.0
7,scarcity,0.9,0,0.0,2.0,2.0
7,scarcity,1.0,0,0.0,1.0,1.0
7,scarcity,1.0,0,0.0,1.0,1.0
7,scarcity,1.0,0,0.0,1.0,1.0
7,scarcity,1.0,0,0.0,1.0,1.0
7,scarcity,1.0,0,0.0,1.0,1.0
7,scarcity,1.0,0,0.0,1.0,1.0
7,scarcity,1.0,0,0.0,1.0,1.0
7,scarcity,1.0,0,0.0,1.0,1.0
7,scarcity,1.0,0,0.0,1.0,1.0
7,scarcity,1.0,0,0.0,1.0,1.0
7,scarcity,1.0,0,0.0,1.0,1.0
7,scarcity,1.0,0,0.0,1.0,1.0
7,scarcity,1.0,0,0.0,1.0,1.0
7,scarcity,1.0,0,0.0,2.0,2.0
8,scarcity,0.2,0,0.0,1.0,1.0
8,scarcity,0.3,0,0.0,1.0,1.0
8,scarcity,0.3,0,0.0,1.0,1.0
8,scarcity,0.4,0,0.0,1.0,1.0
8,scarcity,0.4,0,0.0,1.0,1.0
8,scarcity,0.4,0,0.0,2.0,2.0
8,scarcity,0.5,0,0.0,1.0,1.0
8,scarcity,0.5,0,0.0,1.0,1.0
8,scarcity,0.5,0,0.0,1.0,1.0
8,scarcity,0.5,0,0.0,1.0,1.0
8,scarcity,0.5,0,0.0,1.0,1.0
8,scarcity,0.5,0,0.0,1.0,1.0
8,scarcity,0.6,0,0.0,1.0,1.0
8,scarcity,0.6,0,0.0,1.0,1.0
8,scarcity,0.6,0,0.0,1.0,1.0
8,scarcity,0.6,0,0.0,1.0,1.0
8,scarcity,0.6,0,0.0,1.0,1.0
8,scarcity,0.6,0,0.0,1.0,1.0
8,scarcity,0.6,0,0.0,1.0,1.0
8,scarcity,0.7,0,0.0,1.0,1.0
8,scarcity,0.7,0,0.0,1.0,1.0
8,scarcity,0.7,0,0.0,1.0,1.0
8,scarcity,0.7,0,0.0,1.0,1.0
8,scarcity,0.7,0,0.0,1.0,1.0
8,scarcity,0.7,0,0.0,2.0,2.0
8,scarcity,0.8,0,0.0,1.0,1.0
8,scarcity,0.8,0,0.0,1.0,1.0
8,scarcity,0.8,0,0.0,1.0,1.0
8,scarcity,0.8,0,0.0,1.0,1.0
8,scarcity,0.8,0,0.0,1.0,1.0
8,scarcity,0.8,0,0.0,1.0,1.0
8,scarcity,0.8,0,0.0,1.0,1.0
8,scarcity,0.8,0,0.0,1.0,1.0
8,scarcity,0.8,0,0.0,1.0,1.0
8,scarcity,0.8,0,0.0,1.0,1.0
8,scarcity,0.8,0,0.0,1.0,1.0
8,scarcity,0.8,0,0.0,1.0,1.0
8,scarcity,0.9,0,0.0,1.0,1.0
8,scarcity,0.9,0,0.0,1.0,1.0
8,scarcity,0.9,0,0.0,1.0,1.0
8,scarcity,0.9,0,0.0,1.0,1.0
8,scarcity,0.9,0,0.0,1.0,1.0
8,scarcity,0.9,0,0.0,1.0,1.0
8,scarcity,0.9,0,0.0,1.0,1.0
8,scarcity,0.9,0,0.0,1.0,1.0
8,scarcity,0.9,0,0.0,1.0,1.0
8,scarcity,0.9,0,0.0,1.0,1.0
8,scarcity,0.9,0,0.0,1.0,1.0
8,scarcity,0.9,0,0.0,1.0,1.0
8,scarcity,0.9,0,0.0,2.0,2.0
8,scarcity,0.9,0,0.0,2.0,2.0
8,scarcity,1.0,0,0.0,1.0,1.0
8,scarcity,1.0,0,0.0,1.0,1.0
8,scarcity,1.0,0,0.0,1.0,1.0
8,scarcity,1.0,0,0.0,1.0,1.0
8,scarcity,1.0,0,0.0,1.0,1.0
8,scarcity,1.0,0,0.0,1.0,1.0
8,scarcity,1.0,0,0.0,1.0,1.0
8,scarcity,1.0,0,0.0,1.0,1.0
8,scarcity,1.0,0,0.0,1.0,1.0
8,scarcity,1.0,0,0.0,1.0,1.0
8,scarcity,1.0,0,0.0,1.0,1.0
8,scarcity,1.0,0,0.0,1.0,1.0
8,scarcity,1.0,0,0.0,1.0,1.0
8,scarcity,1.0,0,0.0,1.0,1.0
8,scarcity,1.0,0,0.0,1.0,1.0
8,scarcity,1.0,0,0.0,2.0,2.0
8,scarcity,1.0,0,0.0,2.0,2.0
9,scarcity,0.2,0,0.0,1.0,1.0
9,scarcity,0.2,0,0.0,1.0,1.0
9,scarcity,0.3,0,0.0,1.0,1.0
9,scarcity,0.4,0,0.0,1.0,1.0
9,scarcity,0.4,0,0.0,1.0,1.0
9,scarcity,0.4,0,0.0,1.0,1.0
9,scarcity,0.4,0,0.0,1.0,1.0
9,scarcity,0.4,0,0.0,1.0,1.0
9,scarcity,0.4,0,0.0,1.0,1.0
9,scarcity,0.5,0,0.0,1.0,1.0
9,scarcity,0.5,0,0.0,1.0,1.0
9,scarcity,0.5,0,0.0,1.0,1.0
9,scarcity,0.5,0,0.0,1.0,1.0
9,scarcity,0.5,0,0.0,1.0,1.0
9,scarcity,0.5,0,0.0,3.0,3.0
9,scarcity,0.6,0,0.0,1.0,1.0
9,scarcity,0.6,0,0.0,1.0,1.0
9,scarcity,0.6,0,0.0,1.0,1.0
9,scarcity,0.6,0,0.0,1.0,1.0
9,scarcity,0.6,0,0.0,1.0,1.0
9,scarcity,0.6,0,0.0,1.0,1.0
9,scarcity,0.6,0,0.0,1.0,1.0
9,scarcity,0.6,0,0.0,1.0,1.0
9,scarcity,0.6,0,0.0,2.0,2.0
9,scarcity,0.7,0,0.0,1.0,1.0
9,scarcity,0.7,0,0.0,1.0,1.0
9,scarcity,0.7,0,0.0,1.0,1.0
9,scarcity,0.7,0,0.0,1.0,1.0
9,scarcity,0.7,0,0.0,1.0,1.0
9,scarcity,0.7,0,0.0,1.0,1.0
9,scarcity,0.7,0,0.0,1.0,1.0
9,scarcity,0.7,0,0.0,1.0,1.0
9,scarcity,0.7,0,0.0,1.0,1.0
9,scarcity,0.7,0,0.0,2.0,2.0
9,scarcity,0.7,0,0.0,2.0,2.0
9,scarcity,0.8,0,0.0,1.0,1.0
9,scarcity,0.8,0,0.0,1.0,1.0
9,scarcity,0.8,0,0.0,1.0,1.0
9,scarcity,0.8,0,0.0,1.0,1.0
9,scarcity,0.8,0,0.0,1.0,1.0
9,scarcity,0.8,0,0.0,1.0,1.0
9,scarcity,0.8,0,0.0,1.0,1.0
9,scarcity,0.8,0,0.0,1.0,1.0
9,scarcity,0.8,0,0.0,1.0,1.0
9,scarcity,0.8,0,0.0,1.0,1.0
9,scarcity,0.8,0,0.0,1.0,1.0
9,scarcity,0.8,0,0.0,1.0,1.0
9,scarcity,0.8,0,0.0,1.0,1.0
9,scarcity,0.8,0,0.0,2.0,2.0
9,scarcity,0.8,0,0.0,2.0,2.0
9,scarcity,0.8,0,0.0,3.0,3.0
9,scarcity,0.9,0,0.0,1.0,1.0
9,scarcity,0.9,0,0.0,1.0,1.0
9,scarcity,0.9,0,0.0,1.0,1.0
9,scarcity,0.9,0,0.0,1.0,1.0
9,scarcity,0.9,0,0.0,1.0,1.0
9,scarcity,0.9,0,0.0,1.0,1.0
9,scarcity,0.9,0,0.0,1.0,1.0
9,scarcity,0.9,0,0.0,1.0,1.0
9,scarcity,0.9,0,0.0,1.0,1.0
9,scarcity,0.9,0,0.0,1.0,1.0
9,scarcity,0.9,0,0.0,1.0,1.0
9,scarcity,0.9,0,0.0,1.0,1.0
9,scarcity,0.9,0,0.0,1.0,1.0
9,scarcity,0.9,0,0.0,1.0,1.0
9,scarcity,0.9,0,0.0,1.0,1.0
9,scarcity,0.9,0,0.0,1.0,1.0
9,scarcity,0.9,0,0.0,1.0,1.0
9,scarcity,0.9,0,0.0,2.0,2.0
9,scarcity,0.9,0,0.0,2.0,2.0
9,scarcity,0.9,0,0.0,3.0,3.0
9,scarcity,1.0,0,0.0,1.0,1.0
9,scarcity,1.0,0,0.0,1.0,1.0
9,scarcity,1.0,0,0.0,1.0,1.0
9,scarcity,1.0,0,0.0,1.0,1.0
9,scarcity,1.0,0,0.0,1.0,1.0
9,scarcity,1.0,0,0.0,1.0,1.0
9,scarcity,1.0,0,0.0,1.0,1.0
9,scarcity,1.0,0,0.0,1.0,1.0
9,scarcity,1.0,0,0.0,1.0,1.0
9,scarcity,1.0,0,0.0,1.0,1.0
9,scarcity,1.0,0,0.0,1.0,1.0
9,scarcity,1.0,0,0.0,1.0,1.0
9,scarcity,1.0,0,0.0,1.0,1.0
9,scarcity,1.0,0,0.0,1.0,1.0
9,scarcity,1.0,0,0.0,1.0,1.0
9,scarcity,1.0,0,0.0,1.0,1.0
9,scarcity,1.0,0,0.0,1.0,1.0
9,scarcity,1.0,0,0.0,1.0,1.0
9,scarcity,1.0,0,0.0,1.0,1.0
9,scarcity,1.0,0,0.0,1.0,1.0
9,scarcity,1.0,0,0.0,2.0,2.0
9,scarcity,1.0,0,0.0,3.0,3.0
9,scarcity,1.0,0,0.0,3.0,3.0
10,scarcity,0.3,0,0.0,2.0,2.0
10,scarcity,0.4,0,0.0,1.0,1.0
10,scarcity,0.4,0,0.0,1.0,1.0
10,scarcity,0.4,0,0.0,1.0,1.0
10,scarcity,0.4,0,0.0,1.0,1.0
10,scarcity,0.5,0,0.0,1.0,1.0
10,scarcity,0.5,0,0.0,1.0,1.0
10,scarcity,0.5,0,0.0,1.0,1.0
10,scarcity,0.5,0,0.0,1.0,1.0
10,scarcity,0.5,0,0.0,1.0,1.0
10,scarcity,0.6,0,0.0,1.0,1.0
10,scarcity,0.6,0,0.0,1.0,1.0
10,scarcity,0.6,0,0.0,1.0,1.0
10,scarcity,0.6,0,0.0,1.0,1.0
10,scarcity,0.6,0,0.0,1.0,1.0
10,scarcity,0.7,0,0.0,1.0,1.0
10,scarcity,0.7,0,0.0,1.0,1.0
10,scarcity,0.7,0,0.0,1.0,1.0
10,scarcity,0.7,0,0.0,1.0,1.0
10,scarcity,0.7,0,0.0,1.0,1.0
10,scarcity,0.7,0,0.0,1.0,1.0
10,scarcity,0.7,0,0.0,1.0,1.0
10,scarcity,0.7,0,0.0,1.0,1.0
10,scarcity,0.7,0,0.0,1.0,1.0
10,scarcity,0.7,0,0.0,1.0,1.0
10,scarcity,0.8,0,0.0,1.0,1.0
10,scarcity,0.8,0,0.0,1.0,1.0
10,scarcity,0.8,0,0.0,1.0,1.0
10,scarcity,0.8,0,0.0,1.0,1.0
10,scarcity,0.8,0,0.0,1.0,1.0
10,scarcity,0.8,0,0.0,1.0,1.0
10,scarcity,0.8,0,0.0,1.0,1.0
10,scarcity,0.8,0,0.0,1.0,1.0
10,scarcity,0.8,0,0.0,1.0,1.0
10,scarcity,0.8,0,0.0,1.0,1.0
10,scarcity,0.8,0,0.0,2.0,2.0
10,scarcity,0.9,0,0.0,1.0,1.0
10,scarcity,0.9,0,0.0,1.0,1.0
10,scarcity,0.9,0,0.0,1.0,1.0
10,scarcity,0.9,0,0.0,1.0,1.0
10,scarcity,0.9,0,0.0,1.0,1.0
10,scarcity,0.9,0,0.0,1.0,1.0
10,scarcity,0.9,0,0.0,1.0,1.0
10,scarcity,0.9,0,0.0,1.0,1.0
10,scarcity,0.9,0,0.0,1.0,1.0
10,scarcity,0.9,0,0.0,1.0,1.0
10,scarcity,0.9,0,0.0,1.0,1.0
10,scarcity,0.9,0,0.0,1.0,1.0
10,scarcity,0.9,0,0.0,1.0,1.0
10,scarcity,0.9,0,0.0,1.0,1.0
10,scarcity,0.9,0,0.0,1.0,1.0
10,scarcity,0.9,0,0.0,1.0,1.0
10,scarcity,0.9,0,0.0,2.0,2.0
10,scarcity,1.0,0,0.0,1.0,1.0
10,scarcity,1.0,0,0.0,1.0,1.0
10,scarcity,1.0,0,0.0,1.0,1.0
10,scarcity,1.0,0,0.0,1.0,1.0
10,scarcity,1.0,0,0.0,1.0,1.0
10,scarcity,1.0,0,0.0,1.0,1.0
10,scarcity,1.0,0,0.0,1.0,1.0
10,scarcity,1.0,0,0.0,1.0,1.0
10,scarcity,1.0,0,0.0,1.0,1.0
10,scarcity,1.0,0,0.0,1.0,1.0
10,scarcity,1.0,0,0.0,1.0,1.0
10,scarcity,1.0,0,0.0,1.0,1.0
10,scarcity,1.0,0,0.0,1.0,1.0
10,scarcity,1.0,0,0.0,1.0,1.0
10,scarcity,1.0,0,0.0,1.0,1.0
10,scarcity,1.0,0,0.0,1.0,1.0
10,scarcity,1.0,0,0.0,1.0,1.0
10,scarcity,1.0,0,0.0,1.0,1.0
10,scarcity,1.0,0,0.0,1.0,1.0
10,scarcity,1.0,0,0.0,1.0,1.0
10,scarcity,1.0,0,0.0,2.0,2.0
